<?xml version="1.0"?>
<opencv_storage>
<cascade>
  <stageType>BOOST</stageType>
  <featureType>HAAR</featureType>
  <height>20</height>
  <width>20</width>
  <stageParams>
    <boostType>GAB</boostType>
    <minHitRate>9.9500000476837158e-01</minHitRate>
    <maxFalseAlarm>5.0000000000000000e-01</maxFalseAlarm>
    <weightTrimRate>9.4999999999999996e-01</weightTrimRate>
    <maxDepth>1</maxDepth>
    <maxWeakCount>100</maxWeakCount></stageParams>
  <featureParams>
    <maxCatCount>0</maxCatCount>
    <featSize>1</featSize>
    <mode>BASIC</mode></featureParams>
  <stageNum>10</stageNum>
  <stages>
    <!-- stage 0 -->
    <_>
      <maxWeakCount>6</maxWeakCount>
      <stageThreshold>-1.5478141307830811e+00</stageThreshold>
      <weakClassifiers>
        <_>
          <internalNodes>
            0 -1 56 2.4221764877438545e-02</internalNodes>
          <leafValues>
            -7.0491802692413330e-01 8.1365114450454712e-01</leafValues></_>
        <_>
          <internalNodes>
            0 -1 143 -1.7228957265615463e-02</internalNodes>
          <leafValues>
            7.6377815008163452e-01 -5.6914508342742920e-01</leafValues></_>
        <_>
          <internalNodes>
            0 -1 97 7.8421756625175476e-03</internalNodes>
          <leafValues>
            -3.9667665958404541e-01 6.6062772274017334e-01</leafValues></_>
        <_>
          <internalNodes>
            0 -1 145 -9.2508560046553612e-03</internalNodes>
          <leafValues>
            4.2299583554267883e-01 -5.0828903913497925e-01</leafValues></_>
        <_>
          <internalNodes>
            0 -1 63 7.7161786612123251e-04</internalNodes>
          <leafValues>
            -5.3358048200607300e-01 3.2440370321273804e-01</leafValues></_>
        <_>
          <internalNodes>
            0 -1 131 6.9869076833128929e-04</internalNodes>
          <leafValues>
            -4.8570123314857483e-01 3.0681091547012329e-01</leafValues></_></weakClassifiers></_>
    <!-- stage 1 -->
    <_>
      <maxWeakCount>10</maxWeakCount>
      <stageThreshold>-1.4326075315475464e+00</stageThreshold>
      <weakClassifiers>
        <_>
          <internalNodes>
            0 -1 40 4.8844978213310242e-02</internalNodes>
          <leafValues>
            -5.3457736968994141e-01 7.7529346942901611e-01</leafValues></_>
        <_>
          <internalNodes>
            0 -1 102 1.5330672264099121e-02</internalNodes>
          <leafValues>
            -6.3258659839630127e-01 5.1814109086990356e-01</leafValues></_>
        <_>
          <internalNodes>
            0 -1 76 2.8832363896071911e-03</internalNodes>
          <leafValues>
            -4.0299645066261292e-01 4.6217301487922668e-01</leafValues></_>
        <_>
          <internalNodes>
            0 -1 85 2.5353658944368362e-02</internalNodes>
          <leafValues>
            -2.3817963898181915e-01 6.8497806787490845e-01</leafValues></_>
        <_>
          <internalNodes>
            0 -1 147 -2.7419603429734707e-03</internalNodes>
          <leafValues>
            3.3306813240051270e-01 -4.9258074164390564e-01</leafValues></_>
        <_>
          <internalNodes>
            0 -1 68 4.0534213185310364e-03</internalNodes>
          <leafValues>
            2.5581741333007813e-01 -6.7560100555419922e-01</leafValues></_>
        <_>
          <internalNodes>
            0 -1 124 -1.3797637075185776e-02</internalNodes>
          <leafValues>
            3.1313866376876831e-01 -4.4654732942581177e-01</leafValues></_>
        <_>
          <internalNodes>
            0 -1 13 4.0478082373738289e-03</internalNodes>
          <leafValues>
            -2.4619163572788239e-01 5.5287623405456543e-01</leafValues></_>
        <_>
          <internalNodes>
            0 -1 120 3.5019202623516321e-03</internalNodes>
          <leafValues>
            2.6622179150581360e-01 -4.9810028076171875e-01</leafValues></_>
        <_>
          <internalNodes>
            0 -1 63 6.9021247327327728e-04</internalNodes>
          <leafValues>
            -5.0221353769302368e-01 2.1336425840854645e-01</leafValues></_></weakClassifiers></_>
    <!-- stage 2 -->
    <_>
      <maxWeakCount>11</maxWeakCount>
      <stageThreshold>-1.3581194877624512e+00</stageThreshold>
      <weakClassifiers>
        <_>
          <internalNodes>
            0 -1 41 7.2843149304389954e-02</internalNodes>
          <leafValues>
            -4.3310657143592834e-01 7.0517051219940186e-01</leafValues></_>
        <_>
          <internalNodes>
            0 -1 101 2.1306494250893593e-02</internalNodes>
          <leafValues>
            -4.7603142261505127e-01 5.6145083904266357e-01</leafValues></_>
        <_>
          <internalNodes>
            0 -1 115 3.0811401084065437e-03</internalNodes>
          <leafValues>
            -4.2423141002655029e-01 3.9591744542121887e-01</leafValues></_>
        <_>
          <internalNodes>
            0 -1 75 1.1056007351726294e-03</internalNodes>
          <leafValues>
            -4.5470729470252991e-01 3.9102476835250854e-01</leafValues></_>
        <_>
          <internalNodes>
            0 -1 82 -3.9540082216262817e-03</internalNodes>
          <leafValues>
            -8.5644948482513428e-01 1.8445782363414764e-01</leafValues></_>
        <_>
          <internalNodes>
            0 -1 1 1.2566382065415382e-02</internalNodes>
          <leafValues>
            -3.7607714533805847e-01 3.1995522975921631e-01</leafValues></_>
        <_>
          <internalNodes>
            0 -1 114 -1.9619651138782501e-02</internalNodes>
          <leafValues>
            2.9464825987815857e-01 -3.7895318865776062e-01</leafValues></_>
        <_>
          <internalNodes>
            0 -1 23 -1.6750935465097427e-03</internalNodes>
          <leafValues>
            3.8675177097320557e-01 -2.8672268986701965e-01</leafValues></_>
        <_>
          <internalNodes>
            0 -1 130 2.6548095047473907e-03</internalNodes>
          <leafValues>
            -4.1851815581321716e-01 2.3865737020969391e-01</leafValues></_>
        <_>
          <internalNodes>
            0 -1 78 4.3884210754185915e-04</internalNodes>
          <leafValues>
            -4.9409618973731995e-01 2.4608686566352844e-01</leafValues></_>
        <_>
          <internalNodes>
            0 -1 87 7.2405841201543808e-03</internalNodes>
          <leafValues>
            -5.2717196941375732e-01 1.7305739223957062e-01</leafValues></_></weakClassifiers></_>
    <!-- stage 3 -->
    <_>
      <maxWeakCount>16</maxWeakCount>
      <stageThreshold>-1.2632868289947510e+00</stageThreshold>
      <weakClassifiers>
        <_>
          <internalNodes>
            0 -1 73 1.5051198191940784e-02</internalNodes>
          <leafValues>
            -4.1676506400108337e-01 6.7620074748992920e-01</leafValues></_>
        <_>
          <internalNodes>
            0 -1 99 4.0962705388665199e-03</internalNodes>
          <leafValues>
            -3.5684770345687866e-01 5.5700266361236572e-01</leafValues></_>
        <_>
          <internalNodes>
            0 -1 142 -1.7123233526945114e-02</internalNodes>
          <leafValues>
            3.1803804636001587e-01 -5.2772986888885498e-01</leafValues></_>
        <_>
          <internalNodes>
            0 -1 8 2.0875677466392517e-01</internalNodes>
          <leafValues>
            -4.8003444075584412e-01 3.4152585268020630e-01</leafValues></_>
        <_>
          <internalNodes>
            0 -1 117 2.3753281682729721e-02</internalNodes>
          <leafValues>
            1.3643318414688110e-01 -8.0459868907928467e-01</leafValues></_>
        <_>
          <internalNodes>
            0 -1 24 2.7598906308412552e-03</internalNodes>
          <leafValues>
            -2.6608037948608398e-01 4.2350414395332336e-01</leafValues></_>
        <_>
          <internalNodes>
            0 -1 11 5.8322440832853317e-02</internalNodes>
          <leafValues>
            -2.3327517509460449e-01 5.9286123514175415e-01</leafValues></_>
        <_>
          <internalNodes>
            0 -1 81 -4.1517429053783417e-03</internalNodes>
          <leafValues>
            -8.5642707347869873e-01 1.5220622718334198e-01</leafValues></_>
        <_>
          <internalNodes>
            0 -1 28 2.9800474643707275e-02</internalNodes>
          <leafValues>
            -1.9413354992866516e-01 6.5552628040313721e-01</leafValues></_>
        <_>
          <internalNodes>
            0 -1 66 3.3485484309494495e-03</internalNodes>
          <leafValues>
            1.4300331473350525e-01 -7.2450566291809082e-01</leafValues></_>
        <_>
          <internalNodes>
            0 -1 3 5.2090641111135483e-03</internalNodes>
          <leafValues>
            -4.2017754912376404e-01 1.9955348968505859e-01</leafValues></_>
        <_>
          <internalNodes>
            0 -1 65 -3.4236436476930976e-04</internalNodes>
          <leafValues>
            -6.4781147241592407e-01 1.3678060472011566e-01</leafValues></_>
        <_>
          <internalNodes>
            0 -1 129 4.4387648813426495e-03</internalNodes>
          <leafValues>
            1.3649900257587433e-01 -6.4005261659622192e-01</leafValues></_>
        <_>
          <internalNodes>
            0 -1 59 3.1624533236026764e-02</internalNodes>
          <leafValues>
            8.9644156396389008e-02 -8.0416846275329590e-01</leafValues></_>
        <_>
          <internalNodes>
            0 -1 50 -3.3456021919846535e-03</internalNodes>
          <leafValues>
            -6.2171971797943115e-01 1.3718347251415253e-01</leafValues></_>
        <_>
          <internalNodes>
            0 -1 38 1.8608794780448079e-03</internalNodes>
          <leafValues>
            -2.8425067663192749e-01 3.4408470988273621e-01</leafValues></_></weakClassifiers></_>
    <!-- stage 4 -->
    <_>
      <maxWeakCount>18</maxWeakCount>
      <stageThreshold>-1.2504242658615112e+00</stageThreshold>
      <weakClassifiers>
        <_>
          <internalNodes>
            0 -1 49 1.9525114446878433e-02</internalNodes>
          <leafValues>
            -3.1823083758354187e-01 6.7399889230728149e-01</leafValues></_>
        <_>
          <internalNodes>
            0 -1 141 3.8769289851188660e-02</internalNodes>
          <leafValues>
            -4.6316388249397278e-01 4.6761867403984070e-01</leafValues></_>
        <_>
          <internalNodes>
            0 -1 90 6.4566585933789611e-04</internalNodes>
          <leafValues>
            -3.7375244498252869e-01 4.3819120526313782e-01</leafValues></_>
        <_>
          <internalNodes>
            0 -1 84 3.7554122507572174e-02</internalNodes>
          <leafValues>
            -2.0919233560562134e-01 5.8349555730819702e-01</leafValues></_>
        <_>
          <internalNodes>
            0 -1 140 2.2791952360421419e-03</internalNodes>
          <leafValues>
            -3.2798820734024048e-01 4.3307363986968994e-01</leafValues></_>
        <_>
          <internalNodes>
            0 -1 134 -4.0622986853122711e-02</internalNodes>
          <leafValues>
            3.3370178937911987e-01 -3.0649089813232422e-01</leafValues></_>
        <_>
          <internalNodes>
            0 -1 18 -2.7607256546616554e-02</internalNodes>
          <leafValues>
            3.5106998682022095e-01 -2.8360086679458618e-01</leafValues></_>
        <_>
          <internalNodes>
            0 -1 137 9.4990129582583904e-04</internalNodes>
          <leafValues>
            -2.5933197140693665e-01 3.8317671418190002e-01</leafValues></_>
        <_>
          <internalNodes>
            0 -1 80 4.0214299224317074e-04</internalNodes>
          <leafValues>
            1.2354624271392822e-01 -6.9012308120727539e-01</leafValues></_>
        <_>
          <internalNodes>
            0 -1 106 3.2946355640888214e-03</internalNodes>
          <leafValues>
            1.5173605084419250e-01 -4.9724149703979492e-01</leafValues></_>
        <_>
          <internalNodes>
            0 -1 14 4.7840867191553116e-03</internalNodes>
          <leafValues>
            -2.4576620757579803e-01 3.1597787141799927e-01</leafValues></_>
        <_>
          <internalNodes>
            0 -1 98 -6.6693215630948544e-03</internalNodes>
          <leafValues>
            -7.5101375579833984e-01 1.0587002336978912e-01</leafValues></_>
        <_>
          <internalNodes>
            0 -1 12 5.1489777863025665e-02</internalNodes>
          <leafValues>
            -1.3555733859539032e-01 6.5123414993286133e-01</leafValues></_>
        <_>
          <internalNodes>
            0 -1 27 -2.4444138631224632e-02</internalNodes>
          <leafValues>
            5.1564311981201172e-01 -1.5315805375576019e-01</leafValues></_>
        <_>
          <internalNodes>
            0 -1 139 4.7951163724064827e-03</internalNodes>
          <leafValues>
            1.0861540585756302e-01 -7.9505711793899536e-01</leafValues></_>
        <_>
          <internalNodes>
            0 -1 96 1.7518302774988115e-04</internalNodes>
          <leafValues>
            -3.1628665328025818e-01 2.3163832724094391e-01</leafValues></_>
        <_>
          <internalNodes>
            0 -1 44 -6.9619859568774700e-03</internalNodes>
          <leafValues>
            -6.0700875520706177e-01 1.1355802416801453e-01</leafValues></_>
        <_>
          <internalNodes>
            0 -1 22 -5.2246232517063618e-03</internalNodes>
          <leafValues>
            -5.5551975965499878e-01 1.4902128279209137e-01</leafValues></_></weakClassifiers></_>
    <!-- stage 5 -->
    <_>
      <maxWeakCount>21</maxWeakCount>
      <stageThreshold>-1.3511878252029419e+00</stageThreshold>
      <weakClassifiers>
        <_>
          <internalNodes>
            0 -1 58 2.6007562875747681e-02</internalNodes>
          <leafValues>
            -2.6923078298568726e-01 6.5306121110916138e-01</leafValues></_>
        <_>
          <internalNodes>
            0 -1 86 1.7790906131267548e-02</internalNodes>
          <leafValues>
            -5.0984466075897217e-01 3.4190696477890015e-01</leafValues></_>
        <_>
          <internalNodes>
            0 -1 88 6.2590616289526224e-04</internalNodes>
          <leafValues>
            -4.4802460074424744e-01 2.5764733552932739e-01</leafValues></_>
        <_>
          <internalNodes>
            0 -1 7 3.7793630361557007e-01</internalNodes>
          <leafValues>
            -2.5656512379646301e-01 4.8871672153472900e-01</leafValues></_>
        <_>
          <internalNodes>
            0 -1 97 1.0015233419835567e-02</internalNodes>
          <leafValues>
            -3.2206663489341736e-01 3.3879581093788147e-01</leafValues></_>
        <_>
          <internalNodes>
            0 -1 25 -5.0212284550070763e-03</internalNodes>
          <leafValues>
            3.1775286793708801e-01 -3.0042850971221924e-01</leafValues></_>
        <_>
          <internalNodes>
            0 -1 132 5.0061359070241451e-04</internalNodes>
          <leafValues>
            -5.0026088953018188e-01 1.7090100049972534e-01</leafValues></_>
        <_>
          <internalNodes>
            0 -1 113 -9.8399613052606583e-03</internalNodes>
          <leafValues>
            2.3968279361724854e-01 -3.7998974323272705e-01</leafValues></_>
        <_>
          <internalNodes>
            0 -1 108 4.9784906208515167e-02</internalNodes>
          <leafValues>
            1.5772916376590729e-01 -6.1724495887756348e-01</leafValues></_>
        <_>
          <internalNodes>
            0 -1 67 -6.7795263603329659e-03</internalNodes>
          <leafValues>
            -8.1368333101272583e-01 8.6605772376060486e-02</leafValues></_>
        <_>
          <internalNodes>
            0 -1 31 -1.0510033462196589e-03</internalNodes>
          <leafValues>
            1.9505530595779419e-01 -3.9927023649215698e-01</leafValues></_>
        <_>
          <internalNodes>
            0 -1 138 1.8714503385126591e-03</internalNodes>
          <leafValues>
            -3.0968075990676880e-01 2.8149437904357910e-01</leafValues></_>
        <_>
          <internalNodes>
            0 -1 94 4.4284231960773468e-02</internalNodes>
          <leafValues>
            -1.4460738003253937e-01 5.9669518470764160e-01</leafValues></_>
        <_>
          <internalNodes>
            0 -1 9 1.8951624631881714e-02</internalNodes>
          <leafValues>
            -1.3008378446102142e-01 5.5221939086914063e-01</leafValues></_>
        <_>
          <internalNodes>
            0 -1 17 -4.7124199569225311e-02</internalNodes>
          <leafValues>
            3.3795142173767090e-01 -2.3915942013263702e-01</leafValues></_>
        <_>
          <internalNodes>
            0 -1 104 -4.3606581166386604e-03</internalNodes>
          <leafValues>
            -9.0125709772109985e-01 7.7528677880764008e-02</leafValues></_>
        <_>
          <internalNodes>
            0 -1 53 7.6565924100577831e-03</internalNodes>
          <leafValues>
            1.0222041606903076e-01 -6.1784511804580688e-01</leafValues></_>
        <_>
          <internalNodes>
            0 -1 92 3.0643120408058167e-03</internalNodes>
          <leafValues>
            -2.5066927075386047e-01 2.7269640564918518e-01</leafValues></_>
        <_>
          <internalNodes>
            0 -1 61 7.2678772266954184e-04</internalNodes>
          <leafValues>
            -2.4434405565261841e-01 2.5271311402320862e-01</leafValues></_>
        <_>
          <internalNodes>
            0 -1 112 1.5432001091539860e-03</internalNodes>
          <leafValues>
            9.8221972584724426e-02 -6.5513747930526733e-01</leafValues></_>
        <_>
          <internalNodes>
            0 -1 139 -2.7036003302782774e-03</internalNodes>
          <leafValues>
            -7.3203426599502563e-01 6.7443616688251495e-02</leafValues></_></weakClassifiers></_>
    <!-- stage 6 -->
    <_>
      <maxWeakCount>18</maxWeakCount>
      <stageThreshold>-1.1314336061477661e+00</stageThreshold>
      <weakClassifiers>
        <_>
          <internalNodes>
            0 -1 100 5.2221778780221939e-02</internalNodes>
          <leafValues>
            -2.6447218656539917e-01 6.2286972999572754e-01</leafValues></_>
        <_>
          <internalNodes>
            0 -1 74 -1.5797303989529610e-02</internalNodes>
          <leafValues>
            3.7839245796203613e-01 -4.3542698025703430e-01</leafValues></_>
        <_>
          <internalNodes>
            0 -1 2 1.9377699121832848e-02</internalNodes>
          <leafValues>
            -3.1759241223335266e-01 4.4988763332366943e-01</leafValues></_>
        <_>
          <internalNodes>
            0 -1 69 -4.7446368262171745e-04</internalNodes>
          <leafValues>
            2.8495648503303528e-01 -4.5521888136863708e-01</leafValues></_>
        <_>
          <internalNodes>
            0 -1 54 1.4119954721536487e-04</internalNodes>
          <leafValues>
            -4.2879876494407654e-01 2.6214894652366638e-01</leafValues></_>
        <_>
          <internalNodes>
            0 -1 140 1.5951415989547968e-03</internalNodes>
          <leafValues>
            -3.2042312622070313e-01 3.2445314526557922e-01</leafValues></_>
        <_>
          <internalNodes>
            0 -1 32 -1.3310411944985390e-02</internalNodes>
          <leafValues>
            -7.6955193281173706e-01 1.0375853627920151e-01</leafValues></_>
        <_>
          <internalNodes>
            0 -1 148 -5.8671284932643175e-04</internalNodes>
          <leafValues>
            2.4941706657409668e-01 -3.5180586576461792e-01</leafValues></_>
        <_>
          <internalNodes>
            0 -1 63 1.1365974787622690e-03</internalNodes>
          <leafValues>
            -4.9318280816078186e-01 1.5920145809650421e-01</leafValues></_>
        <_>
          <internalNodes>
            0 -1 116 -2.5397795252501965e-03</internalNodes>
          <leafValues>
            -5.8226454257965088e-01 1.5048538148403168e-01</leafValues></_>
        <_>
          <internalNodes>
            0 -1 34 2.9557519592344761e-03</internalNodes>
          <leafValues>
            -2.9190692305564880e-01 3.0364656448364258e-01</leafValues></_>
        <_>
          <internalNodes>
            0 -1 95 2.3733347654342651e-02</internalNodes>
          <leafValues>
            -2.3241476714611053e-01 3.8833931088447571e-01</leafValues></_>
        <_>
          <internalNodes>
            0 -1 52 -2.4518895894289017e-02</internalNodes>
          <leafValues>
            -7.2686821222305298e-01 1.0125345736742020e-01</leafValues></_>
        <_>
          <internalNodes>
            0 -1 35 -5.2530821412801743e-03</internalNodes>
          <leafValues>
            -4.2668431997299194e-01 1.5919753909111023e-01</leafValues></_>
        <_>
          <internalNodes>
            0 -1 89 -3.8814516738057137e-03</internalNodes>
          <leafValues>
            -8.5963815450668335e-01 8.2370840013027191e-02</leafValues></_>
        <_>
          <internalNodes>
            0 -1 136 2.1933685638941824e-04</internalNodes>
          <leafValues>
            -2.7788868546485901e-01 2.7125921845436096e-01</leafValues></_>
        <_>
          <internalNodes>
            0 -1 120 1.5690641477704048e-02</internalNodes>
          <leafValues>
            7.8421317040920258e-02 -8.4158122539520264e-01</leafValues></_>
        <_>
          <internalNodes>
            0 -1 4 1.4421084895730019e-02</internalNodes>
          <leafValues>
            -2.7870309352874756e-01 2.7254110574722290e-01</leafValues></_></weakClassifiers></_>
    <!-- stage 7 -->
    <_>
      <maxWeakCount>22</maxWeakCount>
      <stageThreshold>-1.1005338430404663e+00</stageThreshold>
      <weakClassifiers>
        <_>
          <internalNodes>
            0 -1 48 6.9903232157230377e-02</internalNodes>
          <leafValues>
            -3.3879780769348145e-01 5.8333331346511841e-01</leafValues></_>
        <_>
          <internalNodes>
            0 -1 111 2.4096292909234762e-03</internalNodes>
          <leafValues>
            -3.7027350068092346e-01 3.9276689291000366e-01</leafValues></_>
        <_>
          <internalNodes>
            0 -1 90 3.8350914837792516e-04</internalNodes>
          <leafValues>
            -4.1452735662460327e-01 3.2335534691810608e-01</leafValues></_>
        <_>
          <internalNodes>
            0 -1 55 5.1121477037668228e-02</internalNodes>
          <leafValues>
            -4.6225261688232422e-01 2.0120826363563538e-01</leafValues></_>
        <_>
          <internalNodes>
            0 -1 51 1.4213765971362591e-03</internalNodes>
          <leafValues>
            -4.6539345383644104e-01 2.0777165889739990e-01</leafValues></_>
        <_>
          <internalNodes>
            0 -1 126 9.5054712146520615e-03</internalNodes>
          <leafValues>
            -3.7244689464569092e-01 2.1523110568523407e-01</leafValues></_>
        <_>
          <internalNodes>
            0 -1 75 2.7342906687408686e-03</internalNodes>
          <leafValues>
            -2.3031981289386749e-01 3.5034322738647461e-01</leafValues></_>
        <_>
          <internalNodes>
            0 -1 47 1.0301431640982628e-02</internalNodes>
          <leafValues>
            7.0327743887901306e-02 -7.2792941331863403e-01</leafValues></_>
        <_>
          <internalNodes>
            0 -1 124 -1.2455236166715622e-02</internalNodes>
          <leafValues>
            2.1551898121833801e-01 -3.4843826293945313e-01</leafValues></_>
        <_>
          <internalNodes>
            0 -1 118 3.4043099731206894e-02</internalNodes>
          <leafValues>
            1.1376924812793732e-01 -6.1671698093414307e-01</leafValues></_>
        <_>
          <internalNodes>
            0 -1 128 2.4411110207438469e-03</internalNodes>
          <leafValues>
            -3.6757782101631165e-01 1.8297627568244934e-01</leafValues></_>
        <_>
          <internalNodes>
            0 -1 0 2.1536882966756821e-02</internalNodes>
          <leafValues>
            -2.6667842268943787e-01 2.8002798557281494e-01</leafValues></_>
        <_>
          <internalNodes>
            0 -1 32 -8.6461156606674194e-03</internalNodes>
          <leafValues>
            -5.4272282123565674e-01 1.2620884180068970e-01</leafValues></_>
        <_>
          <internalNodes>
            0 -1 45 -3.5632858052849770e-03</internalNodes>
          <leafValues>
            -6.3532561063766479e-01 9.4862908124923706e-02</leafValues></_>
        <_>
          <internalNodes>
            0 -1 37 -2.7929197531193495e-03</internalNodes>
          <leafValues>
            2.8437069058418274e-01 -2.3876850306987762e-01</leafValues></_>
        <_>
          <internalNodes>
            0 -1 36 3.7148602306842804e-02</internalNodes>
          <leafValues>
            -1.0609522461891174e-01 6.2937080860137939e-01</leafValues></_>
        <_>
          <internalNodes>
            0 -1 6 4.7464851289987564e-02</internalNodes>
          <leafValues>
            -1.7147947847843170e-01 3.8734826445579529e-01</leafValues></_>
        <_>
          <internalNodes>
            0 -1 26 7.4373098323121667e-04</internalNodes>
          <leafValues>
            -2.2443415224552155e-01 2.7970105409622192e-01</leafValues></_>
        <_>
          <internalNodes>
            0 -1 107 1.7467387020587921e-02</internalNodes>
          <leafValues>
            9.9003836512565613e-02 -7.0819520950317383e-01</leafValues></_>
        <_>
          <internalNodes>
            0 -1 105 1.9495605956763029e-03</internalNodes>
          <leafValues>
            7.0440888404846191e-02 -7.6911562681198120e-01</leafValues></_>
        <_>
          <internalNodes>
            0 -1 135 -1.8163972999900579e-03</internalNodes>
          <leafValues>
            2.7048009634017944e-01 -2.2082819044589996e-01</leafValues></_>
        <_>
          <internalNodes>
            0 -1 79 1.5669297426939011e-02</internalNodes>
          <leafValues>
            7.8823357820510864e-02 -7.7304303646087646e-01</leafValues></_></weakClassifiers></_>
    <!-- stage 8 -->
    <_>
      <maxWeakCount>22</maxWeakCount>
      <stageThreshold>-1.0182049274444580e+00</stageThreshold>
      <weakClassifiers>
        <_>
          <internalNodes>
            0 -1 77 4.9081286415457726e-03</internalNodes>
          <leafValues>
            -2.6412615180015564e-01 5.6781846284866333e-01</leafValues></_>
        <_>
          <internalNodes>
            0 -1 91 4.3075624853372574e-03</internalNodes>
          <leafValues>
            -1.9770599901676178e-01 5.0639861822128296e-01</leafValues></_>
        <_>
          <internalNodes>
            0 -1 145 -1.0381890460848808e-02</internalNodes>
          <leafValues>
            2.2743113338947296e-01 -4.9837657809257507e-01</leafValues></_>
        <_>
          <internalNodes>
            0 -1 144 -2.6478752493858337e-02</internalNodes>
          <leafValues>
            2.3435969650745392e-01 -3.7677147984504700e-01</leafValues></_>
        <_>
          <internalNodes>
            0 -1 15 -5.0441823899745941e-02</internalNodes>
          <leafValues>
            6.1861443519592285e-01 -1.4504143595695496e-01</leafValues></_>
        <_>
          <internalNodes>
            0 -1 21 2.6752835139632225e-02</internalNodes>
          <leafValues>
            -2.3379141092300415e-01 5.4965537786483765e-01</leafValues></_>
        <_>
          <internalNodes>
            0 -1 13 5.4969647899270058e-03</internalNodes>
          <leafValues>
            -2.4730630218982697e-01 3.8812559843063354e-01</leafValues></_>
        <_>
          <internalNodes>
            0 -1 39 2.8379511088132858e-02</internalNodes>
          <leafValues>
            -3.2213211059570313e-01 2.3126325011253357e-01</leafValues></_>
        <_>
          <internalNodes>
            0 -1 60 3.9818922232370824e-05</internalNodes>
          <leafValues>
            -3.9553406834602356e-01 1.8099971115589142e-01</leafValues></_>
        <_>
          <internalNodes>
            0 -1 70 8.7862186133861542e-02</internalNodes>
          <leafValues>
            1.0358004271984100e-01 -7.7387362718582153e-01</leafValues></_>
        <_>
          <internalNodes>
            0 -1 127 -9.5602922374382615e-04</internalNodes>
          <leafValues>
            -6.2184476852416992e-01 1.0745944827795029e-01</leafValues></_>
        <_>
          <internalNodes>
            0 -1 103 -7.4897492304444313e-03</internalNodes>
          <leafValues>
            -8.0480617284774780e-01 8.0544024705886841e-02</leafValues></_>
        <_>
          <internalNodes>
            0 -1 112 -1.6641258844174445e-04</internalNodes>
          <leafValues>
            1.8064062297344208e-01 -3.4539568424224854e-01</leafValues></_>
        <_>
          <internalNodes>
            0 -1 46 -1.8362548202276230e-02</internalNodes>
          <leafValues>
            -6.2066513299942017e-01 9.0406745672225952e-02</leafValues></_>
        <_>
          <internalNodes>
            0 -1 44 1.4560852199792862e-02</internalNodes>
          <leafValues>
            8.4427870810031891e-02 -6.6327768564224243e-01</leafValues></_>
        <_>
          <internalNodes>
            0 -1 95 4.2512409389019012e-02</internalNodes>
          <leafValues>
            -1.5788699686527252e-01 4.5462271571159363e-01</leafValues></_>
        <_>
          <internalNodes>
            0 -1 19 4.2381081730127335e-03</internalNodes>
          <leafValues>
            -1.9269096851348877e-01 3.6018565297126770e-01</leafValues></_>
        <_>
          <internalNodes>
            0 -1 123 2.1134775597602129e-03</internalNodes>
          <leafValues>
            -2.1568238735198975e-01 3.1491029262542725e-01</leafValues></_>
        <_>
          <internalNodes>
            0 -1 71 -2.3109246045351028e-02</internalNodes>
          <leafValues>
            -7.0088583230972290e-01 1.0295478254556656e-01</leafValues></_>
        <_>
          <internalNodes>
            0 -1 30 8.4707711357623339e-04</internalNodes>
          <leafValues>
            -2.0242658257484436e-01 2.9681980609893799e-01</leafValues></_>
        <_>
          <internalNodes>
            0 -1 43 7.0682046934962273e-03</internalNodes>
          <leafValues>
            7.7663175761699677e-02 -8.0141252279281616e-01</leafValues></_>
        <_>
          <internalNodes>
            0 -1 33 1.7569377087056637e-03</internalNodes>
          <leafValues>
            -2.4376593530178070e-01 2.4677889049053192e-01</leafValues></_></weakClassifiers></_>
    <!-- stage 9 -->
    <_>
      <maxWeakCount>26</maxWeakCount>
      <stageThreshold>-1.1291143894195557e+00</stageThreshold>
      <weakClassifiers>
        <_>
          <internalNodes>
            0 -1 121 2.7251513674855232e-02</internalNodes>
          <leafValues>
            -2.0048309862613678e-01 5.6944441795349121e-01</leafValues></_>
        <_>
          <internalNodes>
            0 -1 57 2.9778901487588882e-02</internalNodes>
          <leafValues>
            -4.1247370839118958e-01 3.2555058598518372e-01</leafValues></_>
        <_>
          <internalNodes>
            0 -1 109 8.5492059588432312e-04</internalNodes>
          <leafValues>
            -3.0443993210792542e-01 3.4547975659370422e-01</leafValues></_>
        <_>
          <internalNodes>
            0 -1 84 3.9650611579418182e-02</internalNodes>
          <leafValues>
            -2.2434620559215546e-01 4.9821254611015320e-01</leafValues></_>
        <_>
          <internalNodes>
            0 -1 5 3.9594406262040138e-03</internalNodes>
          <leafValues>
            -2.5271591544151306e-01 4.0080475807189941e-01</leafValues></_>
        <_>
          <internalNodes>
            0 -1 93 1.3126662233844399e-03</internalNodes>
          <leafValues>
            -2.2458572685718536e-01 3.3192795515060425e-01</leafValues></_>
        <_>
          <internalNodes>
            0 -1 28 -3.7663578987121582e-02</internalNodes>
          <leafValues>
            5.8344095945358276e-01 -1.5039540827274323e-01</leafValues></_>
        <_>
          <internalNodes>
            0 -1 15 2.2922955453395844e-02</internalNodes>
          <leafValues>
            -1.6685214638710022e-01 5.0973826646804810e-01</leafValues></_>
        <_>
          <internalNodes>
            0 -1 110 4.6077799052000046e-03</internalNodes>
          <leafValues>
            1.3159136474132538e-01 -5.9380429983139038e-01</leafValues></_>
        <_>
          <internalNodes>
            0 -1 29 -1.1531397700309753e-02</internalNodes>
          <leafValues>
            -5.2207529544830322e-01 1.2446761876344681e-01</leafValues></_>
        <_>
          <internalNodes>
            0 -1 83 -7.2172947693616152e-04</internalNodes>
          <leafValues>
            1.3057146966457367e-01 -4.3061628937721252e-01</leafValues></_>
        <_>
          <internalNodes>
            0 -1 81 -3.0279792845249176e-03</internalNodes>
          <leafValues>
            -7.0669382810592651e-01 9.2938184738159180e-02</leafValues></_>
        <_>
          <internalNodes>
            0 -1 62 1.3636166695505381e-03</internalNodes>
          <leafValues>
            -3.0277195572853088e-01 2.0476017892360687e-01</leafValues></_>
        <_>
          <internalNodes>
            0 -1 10 4.5415852218866348e-03</internalNodes>
          <leafValues>
            -2.4209056794643402e-01 2.5648227334022522e-01</leafValues></_>
        <_>
          <internalNodes>
            0 -1 146 -6.6852121381089091e-04</internalNodes>
          <leafValues>
            2.9313820600509644e-01 -2.2718624770641327e-01</leafValues></_>
        <_>
          <internalNodes>
            0 -1 22 -5.8043124154210091e-03</internalNodes>
          <leafValues>
            -5.1765733957290649e-01 1.3056059181690216e-01</leafValues></_>
        <_>
          <internalNodes>
            0 -1 66 -3.3845936413854361e-03</internalNodes>
          <leafValues>
            -5.8988851308822632e-01 9.4767831265926361e-02</leafValues></_>
        <_>
          <internalNodes>
            0 -1 122 1.1392646702006459e-03</internalNodes>
          <leafValues>
            -4.9664291739463806e-01 1.1851442605257034e-01</leafValues></_>
        <_>
          <internalNodes>
            0 -1 16 -8.1799682229757309e-03</internalNodes>
          <leafValues>
            -6.1637032032012939e-01 8.6763843894004822e-02</leafValues></_>
        <_>
          <internalNodes>
            0 -1 125 -1.2095009442418814e-03</internalNodes>
          <leafValues>
            2.1326817572116852e-01 -2.8037223219871521e-01</leafValues></_>
        <_>
          <internalNodes>
            0 -1 119 -3.3904118463397026e-03</internalNodes>
          <leafValues>
            -3.5142621397972107e-01 1.6800709068775177e-01</leafValues></_>
        <_>
          <internalNodes>
            0 -1 133 1.0531069710850716e-03</internalNodes>
          <leafValues>
            -4.2669370770454407e-01 1.3211007416248322e-01</leafValues></_>
        <_>
          <internalNodes>
            0 -1 72 -2.4235763703472912e-04</internalNodes>
          <leafValues>
            1.4425434172153473e-01 -4.0798997879028320e-01</leafValues></_>
        <_>
          <internalNodes>
            0 -1 20 4.0112780407071114e-03</internalNodes>
          <leafValues>
            -1.9502983987331390e-01 3.0059540271759033e-01</leafValues></_>
        <_>
          <internalNodes>
            0 -1 64 1.2856310233473778e-02</internalNodes>
          <leafValues>
            8.0677986145019531e-02 -6.9172710180282593e-01</leafValues></_>
        <_>
          <internalNodes>
            0 -1 42 2.6187992189079523e-03</internalNodes>
          <leafValues>
            -1.6772744059562683e-01 3.3461308479309082e-01</leafValues></_></weakClassifiers></_></stages>
  <features>
    <_>
      <rects>
        <_>
          0 5 4 10 -1.</_>
        <_>
          2 5 2 10 2.</_></rects>
      <tilted>0</tilted></_>
    <_>
      <rects>
        <_>
          0 6 4 9 -1.</_>
        <_>
          2 6 2 9 2.</_></rects>
      <tilted>0</tilted></_>
    <_>
      <rects>
        <_>
          0 7 4 7 -1.</_>
        <_>
          2 7 2 7 2.</_></rects>
      <tilted>0</tilted></_>
    <_>
      <rects>
        <_>
          0 7 4 8 -1.</_>
        <_>
          2 7 2 8 2.</_></rects>
      <tilted>0</tilted></_>
    <_>
      <rects>
        <_>
          1 3 6 12 -1.</_>
        <_>
          3 3 2 12 3.</_></rects>
      <tilted>0</tilted></_>
    <_>
      <rects>
        <_>
          1 7 2 3 -1.</_>
        <_>
          2 7 1 3 2.</_></rects>
      <tilted>0</tilted></_>
    <_>
      <rects>
        <_>
          1 7 6 9 -1.</_>
        <_>
          1 10 6 3 3.</_></rects>
      <tilted>0</tilted></_>
    <_>
      <rects>
        <_>
          2 0 16 18 -1.</_>
        <_>
          2 6 16 6 3.</_></rects>
      <tilted>0</tilted></_>
    <_>
      <rects>
        <_>
          2 1 18 18 -1.</_>
        <_>
          2 7 18 6 3.</_></rects>
      <tilted>0</tilted></_>
    <_>
      <rects>
        <_>
          2 5 3 6 -1.</_>
        <_>
          2 7 3 2 3.</_></rects>
      <tilted>0</tilted></_>
    <_>
      <rects>
        <_>
          2 7 3 8 -1.</_>
        <_>
          3 7 1 8 3.</_></rects>
      <tilted>0</tilted></_>
    <_>
      <rects>
        <_>
          2 8 6 9 -1.</_>
        <_>
          2 11 6 3 3.</_></rects>
      <tilted>0</tilted></_>
    <_>
      <rects>
        <_>
          2 8 14 6 -1.</_>
        <_>
          2 8 7 3 2.</_>
        <_>
          9 11 7 3 2.</_></rects>
      <tilted>0</tilted></_>
    <_>
      <rects>
        <_>
          2 9 3 4 -1.</_>
        <_>
          3 9 1 4 3.</_></rects>
      <tilted>0</tilted></_>
    <_>
      <rects>
        <_>
          2 9 3 5 -1.</_>
        <_>
          3 9 1 5 3.</_></rects>
      <tilted>0</tilted></_>
    <_>
      <rects>
        <_>
          2 9 14 4 -1.</_>
        <_>
          2 9 7 2 2.</_>
        <_>
          9 11 7 2 2.</_></rects>
      <tilted>0</tilted></_>
    <_>
      <rects>
        <_>
          2 10 4 4 -1.</_>
        <_>
          2 10 2 2 2.</_>
        <_>
          4 12 2 2 2.</_></rects>
      <tilted>0</tilted></_>
    <_>
      <rects>
        <_>
          2 10 7 8 -1.</_>
        <_>
          2 14 7 4 2.</_></rects>
      <tilted>0</tilted></_>
    <_>
      <rects>
        <_>
          2 11 7 6 -1.</_>
        <_>
          2 14 7 3 2.</_></rects>
      <tilted>0</tilted></_>
    <_>
      <rects>
        <_>
          3 7 3 6 -1.</_>
        <_>
          4 7 1 6 3.</_></rects>
      <tilted>0</tilted></_>
    <_>
      <rects>
        <_>
          3 8 3 6 -1.</_>
        <_>
          4 8 1 6 3.</_></rects>
      <tilted>0</tilted></_>
    <_>
      <rects>
        <_>
          3 9 14 4 -1.</_>
        <_>
          3 9 7 2 2.</_>
        <_>
          10 11 7 2 2.</_></rects>
      <tilted>0</tilted></_>
    <_>
      <rects>
        <_>
          3 10 9 1 -1.</_>
        <_>
          6 10 3 1 3.</_></rects>
      <tilted>0</tilted></_>
    <_>
      <rects>
        <_>
          4 7 1 6 -1.</_>
        <_>
          4 9 1 2 3.</_></rects>
      <tilted>0</tilted></_>
    <_>
      <rects>
        <_>
          4 7 2 4 -1.</_>
        <_>
          4 7 1 2 2.</_>
        <_>
          5 9 1 2 2.</_></rects>
      <tilted>0</tilted></_>
    <_>
      <rects>
        <_>
          4 7 3 6 -1.</_>
        <_>
          5 7 1 6 3.</_></rects>
      <tilted>0</tilted></_>
    <_>
      <rects>
        <_>
          4 8 2 2 -1.</_>
        <_>
          4 8 1 1 2.</_>
        <_>
          5 9 1 1 2.</_></rects>
      <tilted>0</tilted></_>
    <_>
      <rects>
        <_>
          4 9 10 4 -1.</_>
        <_>
          4 9 5 2 2.</_>
        <_>
          9 11 5 2 2.</_></rects>
      <tilted>0</tilted></_>
    <_>
      <rects>
        <_>
          4 9 12 4 -1.</_>
        <_>
          4 9 6 2 2.</_>
        <_>
          10 11 6 2 2.</_></rects>
      <tilted>0</tilted></_>
    <_>
      <rects>
        <_>
          4 9 13 6 -1.</_>
        <_>
          4 11 13 2 3.</_></rects>
      <tilted>0</tilted></_>
    <_>
      <rects>
        <_>
          4 10 2 1 -1.</_>
        <_>
          5 10 1 1 2.</_></rects>
      <tilted>0</tilted></_>
    <_>
      <rects>
        <_>
          4 10 6 2 -1.</_>
        <_>
          4 10 3 1 2.</_>
        <_>
          7 11 3 1 2.</_></rects>
      <tilted>0</tilted></_>
    <_>
      <rects>
        <_>
          4 10 14 1 -1.</_>
        <_>
          11 10 7 1 2.</_></rects>
      <tilted>0</tilted></_>
    <_>
      <rects>
        <_>
          4 12 6 1 -1.</_>
        <_>
          6 12 2 1 3.</_></rects>
      <tilted>0</tilted></_>
    <_>
      <rects>
        <_>
          5 8 3 5 -1.</_>
        <_>
          6 8 1 5 3.</_></rects>
      <tilted>0</tilted></_>
    <_>
      <rects>
        <_>
          5 8 14 3 -1.</_>
        <_>
          5 9 14 1 3.</_></rects>
      <tilted>0</tilted></_>
    <_>
      <rects>
        <_>
          5 9 10 4 -1.</_>
        <_>
          5 9 5 2 2.</_>
        <_>
          10 11 5 2 2.</_></rects>
      <tilted>0</tilted></_>
    <_>
      <rects>
        <_>
          5 10 2 6 -1.</_>
        <_>
          5 10 1 3 2.</_>
        <_>
          6 13 1 3 2.</_></rects>
      <tilted>0</tilted></_>
    <_>
      <rects>
        <_>
          5 11 3 2 -1.</_>
        <_>
          6 11 1 2 3.</_></rects>
      <tilted>0</tilted></_>
    <_>
      <rects>
        <_>
          6 3 2 15 -1.</_>
        <_>
          6 8 2 5 3.</_></rects>
      <tilted>0</tilted></_>
    <_>
      <rects>
        <_>
          6 6 7 9 -1.</_>
        <_>
          6 9 7 3 3.</_></rects>
      <tilted>0</tilted></_>
    <_>
      <rects>
        <_>
          6 6 12 9 -1.</_>
        <_>
          6 9 12 3 3.</_></rects>
      <tilted>0</tilted></_>
    <_>
      <rects>
        <_>
          6 7 2 3 -1.</_>
        <_>
          6 8 2 1 3.</_></rects>
      <tilted>0</tilted></_>
    <_>
      <rects>
        <_>
          6 9 3 2 -1.</_>
        <_>
          7 9 1 2 3.</_></rects>
      <tilted>0</tilted></_>
    <_>
      <rects>
        <_>
          6 9 9 1 -1.</_>
        <_>
          9 9 3 1 3.</_></rects>
      <tilted>0</tilted></_>
    <_>
      <rects>
        <_>
          6 10 6 1 -1.</_>
        <_>
          8 10 2 1 3.</_></rects>
      <tilted>0</tilted></_>
    <_>
      <rects>
        <_>
          6 10 12 2 -1.</_>
        <_>
          10 10 4 2 3.</_></rects>
      <tilted>0</tilted></_>
    <_>
      <rects>
        <_>
          6 10 12 1 -1.</_>
        <_>
          12 10 6 1 2.</_></rects>
      <tilted>0</tilted></_>
    <_>
      <rects>
        <_>
          7 6 11 9 -1.</_>
        <_>
          7 9 11 3 3.</_></rects>
      <tilted>0</tilted></_>
    <_>
      <rects>
        <_>
          7 7 6 4 -1.</_>
        <_>
          7 9 6 2 2.</_></rects>
      <tilted>0</tilted></_>
    <_>
      <rects>
        <_>
          7 9 6 1 -1.</_>
        <_>
          9 9 2 1 3.</_></rects>
      <tilted>0</tilted></_>
    <_>
      <rects>
        <_>
          7 9 7 2 -1.</_>
        <_>
          7 10 7 1 2.</_></rects>
      <tilted>0</tilted></_>
    <_>
      <rects>
        <_>
          7 9 7 6 -1.</_>
        <_>
          7 11 7 2 3.</_></rects>
      <tilted>0</tilted></_>
    <_>
      <rects>
        <_>
          7 10 10 1 -1.</_>
        <_>
          12 10 5 1 2.</_></rects>
      <tilted>0</tilted></_>
    <_>
      <rects>
        <_>
          8 6 9 1 -1.</_>
        <_>
          11 6 3 1 3.</_></rects>
      <tilted>0</tilted></_>
    <_>
      <rects>
        <_>
          8 6 12 9 -1.</_>
        <_>
          12 6 4 9 3.</_></rects>
      <tilted>0</tilted></_>
    <_>
      <rects>
        <_>
          8 6 5 9 -1.</_>
        <_>
          8 9 5 3 3.</_></rects>
      <tilted>0</tilted></_>
    <_>
      <rects>
        <_>
          8 7 5 6 -1.</_>
        <_>
          8 9 5 2 3.</_></rects>
      <tilted>0</tilted></_>
    <_>
      <rects>
        <_>
          8 8 5 6 -1.</_>
        <_>
          8 10 5 2 3.</_></rects>
      <tilted>0</tilted></_>
    <_>
      <rects>
        <_>
          8 8 10 6 -1.</_>
        <_>
          8 8 5 3 2.</_>
        <_>
          13 11 5 3 2.</_></rects>
      <tilted>0</tilted></_>
    <_>
      <rects>
        <_>
          8 9 2 1 -1.</_>
        <_>
          9 9 1 1 2.</_></rects>
      <tilted>0</tilted></_>
    <_>
      <rects>
        <_>
          8 9 3 1 -1.</_>
        <_>
          9 9 1 1 3.</_></rects>
      <tilted>0</tilted></_>
    <_>
      <rects>
        <_>
          8 9 3 2 -1.</_>
        <_>
          9 9 1 2 3.</_></rects>
      <tilted>0</tilted></_>
    <_>
      <rects>
        <_>
          8 9 2 3 -1.</_>
        <_>
          8 10 2 1 3.</_></rects>
      <tilted>0</tilted></_>
    <_>
      <rects>
        <_>
          8 9 6 2 -1.</_>
        <_>
          10 9 2 2 3.</_></rects>
      <tilted>0</tilted></_>
    <_>
      <rects>
        <_>
          8 9 6 3 -1.</_>
        <_>
          8 10 6 1 3.</_></rects>
      <tilted>0</tilted></_>
    <_>
      <rects>
        <_>
          8 10 4 1 -1.</_>
        <_>
          10 10 2 1 2.</_></rects>
      <tilted>0</tilted></_>
    <_>
      <rects>
        <_>
          8 10 6 1 -1.</_>
        <_>
          11 10 3 1 2.</_></rects>
      <tilted>0</tilted></_>
    <_>
      <rects>
        <_>
          8 10 12 1 -1.</_>
        <_>
          14 10 6 1 2.</_></rects>
      <tilted>0</tilted></_>
    <_>
      <rects>
        <_>
          8 11 1 2 -1.</_>
        <_>
          8 12 1 1 2.</_></rects>
      <tilted>0</tilted></_>
    <_>
      <rects>
        <_>
          9 5 7 9 -1.</_>
        <_>
          9 8 7 3 3.</_></rects>
      <tilted>0</tilted></_>
    <_>
      <rects>
        <_>
          9 5 9 9 -1.</_>
        <_>
          9 8 9 3 3.</_></rects>
      <tilted>0</tilted></_>
    <_>
      <rects>
        <_>
          9 7 2 3 -1.</_>
        <_>
          9 8 2 1 3.</_></rects>
      <tilted>0</tilted></_>
    <_>
      <rects>
        <_>
          9 7 3 6 -1.</_>
        <_>
          9 9 3 2 3.</_></rects>
      <tilted>0</tilted></_>
    <_>
      <rects>
        <_>
          9 7 8 4 -1.</_>
        <_>
          9 7 4 2 2.</_>
        <_>
          13 9 4 2 2.</_></rects>
      <tilted>0</tilted></_>
    <_>
      <rects>
        <_>
          9 8 1 2 -1.</_>
        <_>
          9 9 1 1 2.</_></rects>
      <tilted>0</tilted></_>
    <_>
      <rects>
        <_>
          9 8 2 2 -1.</_>
        <_>
          9 9 2 1 2.</_></rects>
      <tilted>0</tilted></_>
    <_>
      <rects>
        <_>
          9 8 4 2 -1.</_>
        <_>
          9 9 4 1 2.</_></rects>
      <tilted>0</tilted></_>
    <_>
      <rects>
        <_>
          9 9 1 3 -1.</_>
        <_>
          9 10 1 1 3.</_></rects>
      <tilted>0</tilted></_>
    <_>
      <rects>
        <_>
          9 9 6 2 -1.</_>
        <_>
          11 9 2 2 3.</_></rects>
      <tilted>0</tilted></_>
    <_>
      <rects>
        <_>
          9 10 1 2 -1.</_>
        <_>
          9 11 1 1 2.</_></rects>
      <tilted>0</tilted></_>
    <_>
      <rects>
        <_>
          9 10 4 1 -1.</_>
        <_>
          11 10 2 1 2.</_></rects>
      <tilted>0</tilted></_>
    <_>
      <rects>
        <_>
          9 10 6 1 -1.</_>
        <_>
          11 10 2 1 3.</_></rects>
      <tilted>0</tilted></_>
    <_>
      <rects>
        <_>
          9 10 3 2 -1.</_>
        <_>
          9 11 3 1 2.</_></rects>
      <tilted>0</tilted></_>
    <_>
      <rects>
        <_>
          10 3 6 6 -1.</_>
        <_>
          10 5 6 2 3.</_></rects>
      <tilted>0</tilted></_>
    <_>
      <rects>
        <_>
          10 3 8 4 -1.</_>
        <_>
          10 5 8 2 2.</_></rects>
      <tilted>0</tilted></_>
    <_>
      <rects>
        <_>
          10 6 9 3 -1.</_>
        <_>
          13 6 3 3 3.</_></rects>
      <tilted>0</tilted></_>
    <_>
      <rects>
        <_>
          10 6 9 8 -1.</_>
        <_>
          13 6 3 8 3.</_></rects>
      <tilted>0</tilted></_>
    <_>
      <rects>
        <_>
          10 8 1 3 -1.</_>
        <_>
          10 9 1 1 3.</_></rects>
      <tilted>0</tilted></_>
    <_>
      <rects>
        <_>
          10 9 3 3 -1.</_>
        <_>
          10 10 3 1 3.</_></rects>
      <tilted>0</tilted></_>
    <_>
      <rects>
        <_>
          10 10 2 1 -1.</_>
        <_>
          11 10 1 1 2.</_></rects>
      <tilted>0</tilted></_>
    <_>
      <rects>
        <_>
          10 10 2 3 -1.</_>
        <_>
          11 10 1 3 2.</_></rects>
      <tilted>0</tilted></_>
    <_>
      <rects>
        <_>
          10 10 3 5 -1.</_>
        <_>
          11 10 1 5 3.</_></rects>
      <tilted>0</tilted></_>
    <_>
      <rects>
        <_>
          10 11 3 1 -1.</_>
        <_>
          11 11 1 1 3.</_></rects>
      <tilted>0</tilted></_>
    <_>
      <rects>
        <_>
          11 3 5 6 -1.</_>
        <_>
          11 5 5 2 3.</_></rects>
      <tilted>0</tilted></_>
    <_>
      <rects>
        <_>
          11 3 6 6 -1.</_>
        <_>
          11 5 6 2 3.</_></rects>
      <tilted>0</tilted></_>
    <_>
      <rects>
        <_>
          11 5 2 2 -1.</_>
        <_>
          11 5 1 1 2.</_>
        <_>
          12 6 1 1 2.</_></rects>
      <tilted>0</tilted></_>
    <_>
      <rects>
        <_>
          11 5 6 4 -1.</_>
        <_>
          11 5 3 2 2.</_>
        <_>
          14 7 3 2 2.</_></rects>
      <tilted>0</tilted></_>
    <_>
      <rects>
        <_>
          11 5 9 8 -1.</_>
        <_>
          14 5 3 8 3.</_></rects>
      <tilted>0</tilted></_>
    <_>
      <rects>
        <_>
          11 6 6 2 -1.</_>
        <_>
          11 6 3 1 2.</_>
        <_>
          14 7 3 1 2.</_></rects>
      <tilted>0</tilted></_>
    <_>
      <rects>
        <_>
          11 6 9 7 -1.</_>
        <_>
          14 6 3 7 3.</_></rects>
      <tilted>0</tilted></_>
    <_>
      <rects>
        <_>
          11 7 9 2 -1.</_>
        <_>
          14 7 3 2 3.</_></rects>
      <tilted>0</tilted></_>
    <_>
      <rects>
        <_>
          11 7 9 3 -1.</_>
        <_>
          14 7 3 3 3.</_></rects>
      <tilted>0</tilted></_>
    <_>
      <rects>
        <_>
          11 9 3 4 -1.</_>
        <_>
          12 9 1 4 3.</_></rects>
      <tilted>0</tilted></_>
    <_>
      <rects>
        <_>
          11 10 2 2 -1.</_>
        <_>
          12 10 1 2 2.</_></rects>
      <tilted>0</tilted></_>
    <_>
      <rects>
        <_>
          11 10 2 2 -1.</_>
        <_>
          11 11 2 1 2.</_></rects>
      <tilted>0</tilted></_>
    <_>
      <rects>
        <_>
          11 11 6 1 -1.</_>
        <_>
          13 11 2 1 3.</_></rects>
      <tilted>0</tilted></_>
    <_>
      <rects>
        <_>
          12 3 3 11 -1.</_>
        <_>
          13 3 1 11 3.</_></rects>
      <tilted>0</tilted></_>
    <_>
      <rects>
        <_>
          12 4 3 12 -1.</_>
        <_>
          12 8 3 4 3.</_></rects>
      <tilted>0</tilted></_>
    <_>
      <rects>
        <_>
          12 6 2 2 -1.</_>
        <_>
          12 6 1 1 2.</_>
        <_>
          13 7 1 1 2.</_></rects>
      <tilted>0</tilted></_>
    <_>
      <rects>
        <_>
          12 6 4 1 -1.</_>
        <_>
          14 6 2 1 2.</_></rects>
      <tilted>0</tilted></_>
    <_>
      <rects>
        <_>
          12 6 4 2 -1.</_>
        <_>
          12 6 2 1 2.</_>
        <_>
          14 7 2 1 2.</_></rects>
      <tilted>0</tilted></_>
    <_>
      <rects>
        <_>
          12 7 2 2 -1.</_>
        <_>
          12 7 1 1 2.</_>
        <_>
          13 8 1 1 2.</_></rects>
      <tilted>0</tilted></_>
    <_>
      <rects>
        <_>
          12 11 3 6 -1.</_>
        <_>
          12 14 3 3 2.</_></rects>
      <tilted>0</tilted></_>
    <_>
      <rects>
        <_>
          12 11 4 6 -1.</_>
        <_>
          12 14 4 3 2.</_></rects>
      <tilted>0</tilted></_>
    <_>
      <rects>
        <_>
          13 2 1 9 -1.</_>
        <_>
          13 5 1 3 3.</_></rects>
      <tilted>0</tilted></_>
    <_>
      <rects>
        <_>
          13 4 4 9 -1.</_>
        <_>
          13 7 4 3 3.</_></rects>
      <tilted>0</tilted></_>
    <_>
      <rects>
        <_>
          13 5 2 9 -1.</_>
        <_>
          13 8 2 3 3.</_></rects>
      <tilted>0</tilted></_>
    <_>
      <rects>
        <_>
          13 5 2 12 -1.</_>
        <_>
          13 9 2 4 3.</_></rects>
      <tilted>0</tilted></_>
    <_>
      <rects>
        <_>
          13 5 6 6 -1.</_>
        <_>
          13 5 3 3 2.</_>
        <_>
          16 8 3 3 2.</_></rects>
      <tilted>0</tilted></_>
    <_>
      <rects>
        <_>
          13 6 2 6 -1.</_>
        <_>
          13 9 2 3 2.</_></rects>
      <tilted>0</tilted></_>
    <_>
      <rects>
        <_>
          13 6 6 7 -1.</_>
        <_>
          15 6 2 7 3.</_></rects>
      <tilted>0</tilted></_>
    <_>
      <rects>
        <_>
          13 8 6 1 -1.</_>
        <_>
          15 8 2 1 3.</_></rects>
      <tilted>0</tilted></_>
    <_>
      <rects>
        <_>
          13 10 3 2 -1.</_>
        <_>
          13 11 3 1 2.</_></rects>
      <tilted>0</tilted></_>
    <_>
      <rects>
        <_>
          13 11 3 6 -1.</_>
        <_>
          13 14 3 3 2.</_></rects>
      <tilted>0</tilted></_>
    <_>
      <rects>
        <_>
          13 13 1 6 -1.</_>
        <_>
          13 16 1 3 2.</_></rects>
      <tilted>0</tilted></_>
    <_>
      <rects>
        <_>
          14 3 2 9 -1.</_>
        <_>
          14 6 2 3 3.</_></rects>
      <tilted>0</tilted></_>
    <_>
      <rects>
        <_>
          14 4 3 9 -1.</_>
        <_>
          14 7 3 3 3.</_></rects>
      <tilted>0</tilted></_>
    <_>
      <rects>
        <_>
          14 5 3 6 -1.</_>
        <_>
          15 5 1 6 3.</_></rects>
      <tilted>0</tilted></_>
    <_>
      <rects>
        <_>
          14 6 1 6 -1.</_>
        <_>
          14 9 1 3 2.</_></rects>
      <tilted>0</tilted></_>
    <_>
      <rects>
        <_>
          14 6 3 7 -1.</_>
        <_>
          15 6 1 7 3.</_></rects>
      <tilted>0</tilted></_>
    <_>
      <rects>
        <_>
          14 7 3 2 -1.</_>
        <_>
          15 7 1 2 3.</_></rects>
      <tilted>0</tilted></_>
    <_>
      <rects>
        <_>
          14 7 3 3 -1.</_>
        <_>
          15 7 1 3 3.</_></rects>
      <tilted>0</tilted></_>
    <_>
      <rects>
        <_>
          14 7 3 5 -1.</_>
        <_>
          15 7 1 5 3.</_></rects>
      <tilted>0</tilted></_>
    <_>
      <rects>
        <_>
          14 7 6 6 -1.</_>
        <_>
          17 7 3 6 2.</_></rects>
      <tilted>0</tilted></_>
    <_>
      <rects>
        <_>
          14 9 2 3 -1.</_>
        <_>
          14 10 2 1 3.</_></rects>
      <tilted>0</tilted></_>
    <_>
      <rects>
        <_>
          14 10 1 2 -1.</_>
        <_>
          14 11 1 1 2.</_></rects>
      <tilted>0</tilted></_>
    <_>
      <rects>
        <_>
          14 10 2 2 -1.</_>
        <_>
          14 11 2 1 2.</_></rects>
      <tilted>0</tilted></_>
    <_>
      <rects>
        <_>
          14 10 6 1 -1.</_>
        <_>
          16 10 2 1 3.</_></rects>
      <tilted>0</tilted></_>
    <_>
      <rects>
        <_>
          14 11 3 1 -1.</_>
        <_>
          15 11 1 1 3.</_></rects>
      <tilted>0</tilted></_>
    <_>
      <rects>
        <_>
          14 11 2 3 -1.</_>
        <_>
          14 12 2 1 3.</_></rects>
      <tilted>0</tilted></_>
    <_>
      <rects>
        <_>
          15 2 2 15 -1.</_>
        <_>
          15 7 2 5 3.</_></rects>
      <tilted>0</tilted></_>
    <_>
      <rects>
        <_>
          15 5 4 8 -1.</_>
        <_>
          17 5 2 8 2.</_></rects>
      <tilted>0</tilted></_>
    <_>
      <rects>
        <_>
          15 6 4 7 -1.</_>
        <_>
          17 6 2 7 2.</_></rects>
      <tilted>0</tilted></_>
    <_>
      <rects>
        <_>
          15 6 4 10 -1.</_>
        <_>
          17 6 2 10 2.</_></rects>
      <tilted>0</tilted></_>
    <_>
      <rects>
        <_>
          15 8 2 8 -1.</_>
        <_>
          15 12 2 4 2.</_></rects>
      <tilted>0</tilted></_>
    <_>
      <rects>
        <_>
          15 11 2 2 -1.</_>
        <_>
          15 11 1 1 2.</_>
        <_>
          16 12 1 1 2.</_></rects>
      <tilted>0</tilted></_>
    <_>
      <rects>
        <_>
          16 10 2 4 -1.</_>
        <_>
          16 12 2 2 2.</_></rects>
      <tilted>0</tilted></_>
    <_>
      <rects>
        <_>
          16 11 2 1 -1.</_>
        <_>
          17 11 1 1 2.</_></rects>
      <tilted>0</tilted></_></features></cascade>
</opencv_storage>
