<?xml version="1.0"?>
<opencv_storage>
<stage1>
  <maxWeakCount>10</maxWeakCount>
  <stageThreshold>-1.4326075315475464e+00</stageThreshold>
  <weakClassifiers>
    <_>
      <internalNodes>
        0 -1 42801 4.8844978213310242e-02</internalNodes>
      <leafValues>
        -5.3457736968994141e-01 7.7529346942901611e-01</leafValues></_>
    <_>
      <internalNodes>
        0 -1 64421 1.5330672264099121e-02</internalNodes>
      <leafValues>
        -6.3258659839630127e-01 5.1814109086990356e-01</leafValues></_>
    <_>
      <internalNodes>
        0 -1 57194 2.8832363896071911e-03</internalNodes>
      <leafValues>
        -4.0299645066261292e-01 4.6217301487922668e-01</leafValues></_>
    <_>
      <internalNodes>
        0 -1 59920 2.5353658944368362e-02</internalNodes>
      <leafValues>
        -2.3817963898181915e-01 6.8497806787490845e-01</leafValues></_>
    <_>
      <internalNodes>
        0 -1 76315 -2.7419603429734707e-03</internalNodes>
      <leafValues>
        3.3306813240051270e-01 -4.9258074164390564e-01</leafValues></_>
    <_>
      <internalNodes>
        0 -1 53597 4.0534213185310364e-03</internalNodes>
      <leafValues>
        2.5581741333007813e-01 -6.7560100555419922e-01</leafValues></_>
    <_>
      <internalNodes>
        0 -1 70755 -1.3797637075185776e-02</internalNodes>
      <leafValues>
        3.1313866376876831e-01 -4.4654732942581177e-01</leafValues></_>
    <_>
      <internalNodes>
        0 -1 19644 4.0478082373738289e-03</internalNodes>
      <leafValues>
        -2.4619163572788239e-01 5.5287623405456543e-01</leafValues></_>
    <_>
      <internalNodes>
        0 -1 70029 3.5019202623516321e-03</internalNodes>
      <leafValues>
        2.6622179150581360e-01 -4.9810028076171875e-01</leafValues></_>
    <_>
      <internalNodes>
        0 -1 53244 6.9021247327327728e-04</internalNodes>
      <leafValues>
        -5.0221353769302368e-01 2.1336425840854645e-01</leafValues></_></weakClassifiers></stage1>
</opencv_storage>
