<?xml version="1.0"?>
<opencv_storage>
<stage5>
  <maxWeakCount>21</maxWeakCount>
  <stageThreshold>-1.3511878252029419e+00</stageThreshold>
  <weakClassifiers>
    <_>
      <internalNodes>
        0 -1 53096 2.6007562875747681e-02</internalNodes>
      <leafValues>
        -2.6923078298568726e-01 6.5306121110916138e-01</leafValues></_>
    <_>
      <internalNodes>
        0 -1 60634 1.7790906131267548e-02</internalNodes>
      <leafValues>
        -5.0984466075897217e-01 3.4190696477890015e-01</leafValues></_>
    <_>
      <internalNodes>
        0 -1 61024 6.2590616289526224e-04</internalNodes>
      <leafValues>
        -4.4802460074424744e-01 2.5764733552932739e-01</leafValues></_>
    <_>
      <internalNodes>
        0 -1 15408 3.7793630361557007e-01</internalNodes>
      <leafValues>
        -2.5656512379646301e-01 4.8871672153472900e-01</leafValues></_>
    <_>
      <internalNodes>
        0 -1 63966 1.0015233419835567e-02</internalNodes>
      <leafValues>
        -3.2206663489341736e-01 3.3879581093788147e-01</leafValues></_>
    <_>
      <internalNodes>
        0 -1 31609 -5.0212284550070763e-03</internalNodes>
      <leafValues>
        3.1775286793708801e-01 -3.0042850971221924e-01</leafValues></_>
    <_>
      <internalNodes>
        0 -1 72548 5.0061359070241451e-04</internalNodes>
      <leafValues>
        -5.0026088953018188e-01 1.7090100049972534e-01</leafValues></_>
    <_>
      <internalNodes>
        0 -1 68167 -9.8399613052606583e-03</internalNodes>
      <leafValues>
        2.3968279361724854e-01 -3.7998974323272705e-01</leafValues></_>
    <_>
      <internalNodes>
        0 -1 66922 4.9784906208515167e-02</internalNodes>
      <leafValues>
        1.5772916376590729e-01 -6.1724495887756348e-01</leafValues></_>
    <_>
      <internalNodes>
        0 -1 53508 -6.7795263603329659e-03</internalNodes>
      <leafValues>
        -8.1368333101272583e-01 8.6605772376060486e-02</leafValues></_>
    <_>
      <internalNodes>
        0 -1 32705 -1.0510033462196589e-03</internalNodes>
      <leafValues>
        1.9505530595779419e-01 -3.9927023649215698e-01</leafValues></_>
    <_>
      <internalNodes>
        0 -1 72970 1.8714503385126591e-03</internalNodes>
      <leafValues>
        -3.0968075990676880e-01 2.8149437904357910e-01</leafValues></_>
    <_>
      <internalNodes>
        0 -1 63536 4.4284231960773468e-02</internalNodes>
      <leafValues>
        -1.4460738003253937e-01 5.9669518470764160e-01</leafValues></_>
    <_>
      <internalNodes>
        0 -1 17915 1.8951624631881714e-02</internalNodes>
      <leafValues>
        -1.3008378446102142e-01 5.5221939086914063e-01</leafValues></_>
    <_>
      <internalNodes>
        0 -1 20192 -4.7124199569225311e-02</internalNodes>
      <leafValues>
        3.3795142173767090e-01 -2.3915942013263702e-01</leafValues></_>
    <_>
      <internalNodes>
        0 -1 64902 -4.3606581166386604e-03</internalNodes>
      <leafValues>
        -9.0125709772109985e-01 7.7528677880764008e-02</leafValues></_>
    <_>
      <internalNodes>
        0 -1 48878 7.6565924100577831e-03</internalNodes>
      <leafValues>
        1.0222041606903076e-01 -6.1784511804580688e-01</leafValues></_>
    <_>
      <internalNodes>
        0 -1 61461 3.0643120408058167e-03</internalNodes>
      <leafValues>
        -2.5066927075386047e-01 2.7269640564918518e-01</leafValues></_>
    <_>
      <internalNodes>
        0 -1 53208 7.2678772266954184e-04</internalNodes>
      <leafValues>
        -2.4434405565261841e-01 2.5271311402320862e-01</leafValues></_>
    <_>
      <internalNodes>
        0 -1 67452 1.5432001091539860e-03</internalNodes>
      <leafValues>
        9.8221972584724426e-02 -6.5513747930526733e-01</leafValues></_>
    <_>
      <internalNodes>
        0 -1 73050 -2.7036003302782774e-03</internalNodes>
      <leafValues>
        -7.3203426599502563e-01 6.7443616688251495e-02</leafValues></_></weakClassifiers></stage5>
</opencv_storage>
