<?xml version="1.0"?>
<opencv_storage>
<stage6>
  <maxWeakCount>18</maxWeakCount>
  <stageThreshold>-1.1314336061477661e+00</stageThreshold>
  <weakClassifiers>
    <_>
      <internalNodes>
        0 -1 64222 5.2221778780221939e-02</internalNodes>
      <leafValues>
        -2.6447218656539917e-01 6.2286972999572754e-01</leafValues></_>
    <_>
      <internalNodes>
        0 -1 57042 -1.5797303989529610e-02</internalNodes>
      <leafValues>
        3.7839245796203613e-01 -4.3542698025703430e-01</leafValues></_>
    <_>
      <internalNodes>
        0 -1 4454 1.9377699121832848e-02</internalNodes>
      <leafValues>
        -3.1759241223335266e-01 4.4988763332366943e-01</leafValues></_>
    <_>
      <internalNodes>
        0 -1 53669 -4.7446368262171745e-04</internalNodes>
      <leafValues>
        2.8495648503303528e-01 -4.5521888136863708e-01</leafValues></_>
    <_>
      <internalNodes>
        0 -1 52424 1.4119954721536487e-04</internalNodes>
      <leafValues>
        -4.2879876494407654e-01 2.6214894652366638e-01</leafValues></_>
    <_>
      <internalNodes>
        0 -1 73080 1.5951415989547968e-03</internalNodes>
      <leafValues>
        -3.2042312622070313e-01 3.2445314526557922e-01</leafValues></_>
    <_>
      <internalNodes>
        0 -1 32823 -1.3310411944985390e-02</internalNodes>
      <leafValues>
        -7.6955193281173706e-01 1.0375853627920151e-01</leafValues></_>
    <_>
      <internalNodes>
        0 -1 76349 -5.8671284932643175e-04</internalNodes>
      <leafValues>
        2.4941706657409668e-01 -3.5180586576461792e-01</leafValues></_>
    <_>
      <internalNodes>
        0 -1 53244 1.1365974787622690e-03</internalNodes>
      <leafValues>
        -4.9318280816078186e-01 1.5920145809650421e-01</leafValues></_>
    <_>
      <internalNodes>
        0 -1 69745 -2.5397795252501965e-03</internalNodes>
      <leafValues>
        -5.8226454257965088e-01 1.5048538148403168e-01</leafValues></_>
    <_>
      <internalNodes>
        0 -1 37819 2.9557519592344761e-03</internalNodes>
      <leafValues>
        -2.9190692305564880e-01 3.0364656448364258e-01</leafValues></_>
    <_>
      <internalNodes>
        0 -1 63549 2.3733347654342651e-02</internalNodes>
      <leafValues>
        -2.3241476714611053e-01 3.8833931088447571e-01</leafValues></_>
    <_>
      <internalNodes>
        0 -1 48693 -2.4518895894289017e-02</internalNodes>
      <leafValues>
        -7.2686821222305298e-01 1.0125345736742020e-01</leafValues></_>
    <_>
      <internalNodes>
        0 -1 38114 -5.2530821412801743e-03</internalNodes>
      <leafValues>
        -4.2668431997299194e-01 1.5919753909111023e-01</leafValues></_>
    <_>
      <internalNodes>
        0 -1 61320 -3.8814516738057137e-03</internalNodes>
      <leafValues>
        -8.5963815450668335e-01 8.2370840013027191e-02</leafValues></_>
    <_>
      <internalNodes>
        0 -1 72936 2.1933685638941824e-04</internalNodes>
      <leafValues>
        -2.7788868546485901e-01 2.7125921845436096e-01</leafValues></_>
    <_>
      <internalNodes>
        0 -1 70029 1.5690641477704048e-02</internalNodes>
      <leafValues>
        7.8421317040920258e-02 -8.4158122539520264e-01</leafValues></_>
    <_>
      <internalNodes>
        0 -1 9700 1.4421084895730019e-02</internalNodes>
      <leafValues>
        -2.7870309352874756e-01 2.7254110574722290e-01</leafValues></_></weakClassifiers></stage6>
</opencv_storage>
