<?xml version="1.0"?>
<opencv_storage>
<stage3>
  <maxWeakCount>16</maxWeakCount>
  <stageThreshold>-1.2632868289947510e+00</stageThreshold>
  <weakClassifiers>
    <_>
      <internalNodes>
        0 -1 57001 1.5051198191940784e-02</internalNodes>
      <leafValues>
        -4.1676506400108337e-01 6.7620074748992920e-01</leafValues></_>
    <_>
      <internalNodes>
        0 -1 64196 4.0962705388665199e-03</internalNodes>
      <leafValues>
        -3.5684770345687866e-01 5.5700266361236572e-01</leafValues></_>
    <_>
      <internalNodes>
        0 -1 74318 -1.7123233526945114e-02</internalNodes>
      <leafValues>
        3.1803804636001587e-01 -5.2772986888885498e-01</leafValues></_>
    <_>
      <internalNodes>
        0 -1 16077 2.0875677466392517e-01</internalNodes>
      <leafValues>
        -4.8003444075584412e-01 3.4152585268020630e-01</leafValues></_>
    <_>
      <internalNodes>
        0 -1 69854 2.3753281682729721e-02</internalNodes>
      <leafValues>
        1.3643318414688110e-01 -8.0459868907928467e-01</leafValues></_>
    <_>
      <internalNodes>
        0 -1 31592 2.7598906308412552e-03</internalNodes>
      <leafValues>
        -2.6608037948608398e-01 4.2350414395332336e-01</leafValues></_>
    <_>
      <internalNodes>
        0 -1 19426 5.8322440832853317e-02</internalNodes>
      <leafValues>
        -2.3327517509460449e-01 5.9286123514175415e-01</leafValues></_>
    <_>
      <internalNodes>
        0 -1 57623 -4.1517429053783417e-03</internalNodes>
      <leafValues>
        -8.5642707347869873e-01 1.5220622718334198e-01</leafValues></_>
    <_>
      <internalNodes>
        0 -1 32506 2.9800474643707275e-02</internalNodes>
      <leafValues>
        -1.9413354992866516e-01 6.5552628040313721e-01</leafValues></_>
    <_>
      <internalNodes>
        0 -1 53475 3.3485484309494495e-03</internalNodes>
      <leafValues>
        1.4300331473350525e-01 -7.2450566291809082e-01</leafValues></_>
    <_>
      <internalNodes>
        0 -1 4456 5.2090641111135483e-03</internalNodes>
      <leafValues>
        -4.2017754912376404e-01 1.9955348968505859e-01</leafValues></_>
    <_>
      <internalNodes>
        0 -1 53372 -3.4236436476930976e-04</internalNodes>
      <leafValues>
        -6.4781147241592407e-01 1.3678060472011566e-01</leafValues></_>
    <_>
      <internalNodes>
        0 -1 72390 4.4387648813426495e-03</internalNodes>
      <leafValues>
        1.3649900257587433e-01 -6.4005261659622192e-01</leafValues></_>
    <_>
      <internalNodes>
        0 -1 53101 3.1624533236026764e-02</internalNodes>
      <leafValues>
        8.9644156396389008e-02 -8.0416846275329590e-01</leafValues></_>
    <_>
      <internalNodes>
        0 -1 48539 -3.3456021919846535e-03</internalNodes>
      <leafValues>
        -6.2171971797943115e-01 1.3718347251415253e-01</leafValues></_>
    <_>
      <internalNodes>
        0 -1 38702 1.8608794780448079e-03</internalNodes>
      <leafValues>
        -2.8425067663192749e-01 3.4408470988273621e-01</leafValues></_></weakClassifiers></stage3>
</opencv_storage>
