<?xml version="1.0"?>
<opencv_storage>
<stage0>
  <maxWeakCount>6</maxWeakCount>
  <stageThreshold>-1.5478141307830811e+00</stageThreshold>
  <weakClassifiers>
    <_>
      <internalNodes>
        0 -1 52524 2.4221764877438545e-02</internalNodes>
      <leafValues>
        -7.0491802692413330e-01 8.1365114450454712e-01</leafValues></_>
    <_>
      <internalNodes>
        0 -1 74430 -1.7228957265615463e-02</internalNodes>
      <leafValues>
        7.6377815008163452e-01 -5.6914508342742920e-01</leafValues></_>
    <_>
      <internalNodes>
        0 -1 63966 7.8421756625175476e-03</internalNodes>
      <leafValues>
        -3.9667665958404541e-01 6.6062772274017334e-01</leafValues></_>
    <_>
      <internalNodes>
        0 -1 74627 -9.2508560046553612e-03</internalNodes>
      <leafValues>
        4.2299583554267883e-01 -5.0828903913497925e-01</leafValues></_>
    <_>
      <internalNodes>
        0 -1 53244 7.7161786612123251e-04</internalNodes>
      <leafValues>
        -5.3358048200607300e-01 3.2440370321273804e-01</leafValues></_>
    <_>
      <internalNodes>
        0 -1 72543 6.9869076833128929e-04</internalNodes>
      <leafValues>
        -4.8570123314857483e-01 3.0681091547012329e-01</leafValues></_></weakClassifiers></stage0>
</opencv_storage>
