<?xml version="1.0"?>
<opencv_storage>
<stage7>
  <maxWeakCount>22</maxWeakCount>
  <stageThreshold>-1.1005338430404663e+00</stageThreshold>
  <weakClassifiers>
    <_>
      <internalNodes>
        0 -1 47892 6.9903232157230377e-02</internalNodes>
      <leafValues>
        -3.3879780769348145e-01 5.8333331346511841e-01</leafValues></_>
    <_>
      <internalNodes>
        0 -1 67298 2.4096292909234762e-03</internalNodes>
      <leafValues>
        -3.7027350068092346e-01 3.9276689291000366e-01</leafValues></_>
    <_>
      <internalNodes>
        0 -1 61440 3.8350914837792516e-04</internalNodes>
      <leafValues>
        -4.1452735662460327e-01 3.2335534691810608e-01</leafValues></_>
    <_>
      <internalNodes>
        0 -1 52503 5.1121477037668228e-02</internalNodes>
      <leafValues>
        -4.6225261688232422e-01 2.0120826363563538e-01</leafValues></_>
    <_>
      <internalNodes>
        0 -1 48690 1.4213765971362591e-03</internalNodes>
      <leafValues>
        -4.6539345383644104e-01 2.0777165889739990e-01</leafValues></_>
    <_>
      <internalNodes>
        0 -1 71910 9.5054712146520615e-03</internalNodes>
      <leafValues>
        -3.7244689464569092e-01 2.1523110568523407e-01</leafValues></_>
    <_>
      <internalNodes>
        0 -1 57154 2.7342906687408686e-03</internalNodes>
      <leafValues>
        -2.3031981289386749e-01 3.5034322738647461e-01</leafValues></_>
    <_>
      <internalNodes>
        0 -1 43962 1.0301431640982628e-02</internalNodes>
      <leafValues>
        7.0327743887901306e-02 -7.2792941331863403e-01</leafValues></_>
    <_>
      <internalNodes>
        0 -1 70755 -1.2455236166715622e-02</internalNodes>
      <leafValues>
        2.1551898121833801e-01 -3.4843826293945313e-01</leafValues></_>
    <_>
      <internalNodes>
        0 -1 69859 3.4043099731206894e-02</internalNodes>
      <leafValues>
        1.1376924812793732e-01 -6.1671698093414307e-01</leafValues></_>
    <_>
      <internalNodes>
        0 -1 72238 2.4411110207438469e-03</internalNodes>
      <leafValues>
        -3.6757782101631165e-01 1.8297627568244934e-01</leafValues></_>
    <_>
      <internalNodes>
        0 -1 3406 2.1536882966756821e-02</internalNodes>
      <leafValues>
        -2.6667842268943787e-01 2.8002798557281494e-01</leafValues></_>
    <_>
      <internalNodes>
        0 -1 32823 -8.6461156606674194e-03</internalNodes>
      <leafValues>
        -5.4272282123565674e-01 1.2620884180068970e-01</leafValues></_>
    <_>
      <internalNodes>
        0 -1 43842 -3.5632858052849770e-03</internalNodes>
      <leafValues>
        -6.3532561063766479e-01 9.4862908124923706e-02</leafValues></_>
    <_>
      <internalNodes>
        0 -1 38434 -2.7929197531193495e-03</internalNodes>
      <leafValues>
        2.8437069058418274e-01 -2.3876850306987762e-01</leafValues></_>
    <_>
      <internalNodes>
        0 -1 38282 3.7148602306842804e-02</internalNodes>
      <leafValues>
        -1.0609522461891174e-01 6.2937080860137939e-01</leafValues></_>
    <_>
      <internalNodes>
        0 -1 11955 4.7464851289987564e-02</internalNodes>
      <leafValues>
        -1.7147947847843170e-01 3.8734826445579529e-01</leafValues></_>
    <_>
      <internalNodes>
        0 -1 31964 7.4373098323121667e-04</internalNodes>
      <leafValues>
        -2.2443415224552155e-01 2.7970105409622192e-01</leafValues></_>
    <_>
      <internalNodes>
        0 -1 66606 1.7467387020587921e-02</internalNodes>
      <leafValues>
        9.9003836512565613e-02 -7.0819520950317383e-01</leafValues></_>
    <_>
      <internalNodes>
        0 -1 64931 1.9495605956763029e-03</internalNodes>
      <leafValues>
        7.0440888404846191e-02 -7.6911562681198120e-01</leafValues></_>
    <_>
      <internalNodes>
        0 -1 72855 -1.8163972999900579e-03</internalNodes>
      <leafValues>
        2.7048009634017944e-01 -2.2082819044589996e-01</leafValues></_>
    <_>
      <internalNodes>
        0 -1 57431 1.5669297426939011e-02</internalNodes>
      <leafValues>
        7.8823357820510864e-02 -7.7304303646087646e-01</leafValues></_></weakClassifiers></stage7>
</opencv_storage>
