<?xml version="1.0"?>
<opencv_storage>
<stage9>
  <maxWeakCount>26</maxWeakCount>
  <stageThreshold>-1.1291143894195557e+00</stageThreshold>
  <weakClassifiers>
    <_>
      <internalNodes>
        0 -1 70048 2.7251513674855232e-02</internalNodes>
      <leafValues>
        -2.0048309862613678e-01 5.6944441795349121e-01</leafValues></_>
    <_>
      <internalNodes>
        0 -1 52818 2.9778901487588882e-02</internalNodes>
      <leafValues>
        -4.1247370839118958e-01 3.2555058598518372e-01</leafValues></_>
    <_>
      <internalNodes>
        0 -1 67252 8.5492059588432312e-04</internalNodes>
      <leafValues>
        -3.0443993210792542e-01 3.4547975659370422e-01</leafValues></_>
    <_>
      <internalNodes>
        0 -1 59895 3.9650611579418182e-02</internalNodes>
      <leafValues>
        -2.2434620559215546e-01 4.9821254611015320e-01</leafValues></_>
    <_>
      <internalNodes>
        0 -1 11742 3.9594406262040138e-03</internalNodes>
      <leafValues>
        -2.5271591544151306e-01 4.0080475807189941e-01</leafValues></_>
    <_>
      <internalNodes>
        0 -1 61627 1.3126662233844399e-03</internalNodes>
      <leafValues>
        -2.2458572685718536e-01 3.3192795515060425e-01</leafValues></_>
    <_>
      <internalNodes>
        0 -1 32506 -3.7663578987121582e-02</internalNodes>
      <leafValues>
        5.8344095945358276e-01 -1.5039540827274323e-01</leafValues></_>
    <_>
      <internalNodes>
        0 -1 19844 2.2922955453395844e-02</internalNodes>
      <leafValues>
        -1.6685214638710022e-01 5.0973826646804810e-01</leafValues></_>
    <_>
      <internalNodes>
        0 -1 67294 4.6077799052000046e-03</internalNodes>
      <leafValues>
        1.3159136474132538e-01 -5.9380429983139038e-01</leafValues></_>
    <_>
      <internalNodes>
        0 -1 32606 -1.1531397700309753e-02</internalNodes>
      <leafValues>
        -5.2207529544830322e-01 1.2446761876344681e-01</leafValues></_>
    <_>
      <internalNodes>
        0 -1 57657 -7.2172947693616152e-04</internalNodes>
      <leafValues>
        1.3057146966457367e-01 -4.3061628937721252e-01</leafValues></_>
    <_>
      <internalNodes>
        0 -1 57623 -3.0279792845249176e-03</internalNodes>
      <leafValues>
        -7.0669382810592651e-01 9.2938184738159180e-02</leafValues></_>
    <_>
      <internalNodes>
        0 -1 53213 1.3636166695505381e-03</internalNodes>
      <leafValues>
        -3.0277195572853088e-01 2.0476017892360687e-01</leafValues></_>
    <_>
      <internalNodes>
        0 -1 18815 4.5415852218866348e-03</internalNodes>
      <leafValues>
        -2.4209056794643402e-01 2.5648227334022522e-01</leafValues></_>
    <_>
      <internalNodes>
        0 -1 74839 -6.6852121381089091e-04</internalNodes>
      <leafValues>
        2.9313820600509644e-01 -2.2718624770641327e-01</leafValues></_>
    <_>
      <internalNodes>
        0 -1 26525 -5.8043124154210091e-03</internalNodes>
      <leafValues>
        -5.1765733957290649e-01 1.3056059181690216e-01</leafValues></_>
    <_>
      <internalNodes>
        0 -1 53475 -3.3845936413854361e-03</internalNodes>
      <leafValues>
        -5.8988851308822632e-01 9.4767831265926361e-02</leafValues></_>
    <_>
      <internalNodes>
        0 -1 70335 1.1392646702006459e-03</internalNodes>
      <leafValues>
        -4.9664291739463806e-01 1.1851442605257034e-01</leafValues></_>
    <_>
      <internalNodes>
        0 -1 20023 -8.1799682229757309e-03</internalNodes>
      <leafValues>
        -6.1637032032012939e-01 8.6763843894004822e-02</leafValues></_>
    <_>
      <internalNodes>
        0 -1 70899 -1.2095009442418814e-03</internalNodes>
      <leafValues>
        2.1326817572116852e-01 -2.8037223219871521e-01</leafValues></_>
    <_>
      <internalNodes>
        0 -1 69901 -3.3904118463397026e-03</internalNodes>
      <leafValues>
        -3.5142621397972107e-01 1.6800709068775177e-01</leafValues></_>
    <_>
      <internalNodes>
        0 -1 72558 1.0531069710850716e-03</internalNodes>
      <leafValues>
        -4.2669370770454407e-01 1.3211007416248322e-01</leafValues></_>
    <_>
      <internalNodes>
        0 -1 56954 -2.4235763703472912e-04</internalNodes>
      <leafValues>
        1.4425434172153473e-01 -4.0798997879028320e-01</leafValues></_>
    <_>
      <internalNodes>
        0 -1 25790 4.0112780407071114e-03</internalNodes>
      <leafValues>
        -1.9502983987331390e-01 3.0059540271759033e-01</leafValues></_>
    <_>
      <internalNodes>
        0 -1 53248 1.2856310233473778e-02</internalNodes>
      <leafValues>
        8.0677986145019531e-02 -6.9172710180282593e-01</leafValues></_>
    <_>
      <internalNodes>
        0 -1 42945 2.6187992189079523e-03</internalNodes>
      <leafValues>
        -1.6772744059562683e-01 3.3461308479309082e-01</leafValues></_></weakClassifiers></stage9>
</opencv_storage>
