<?xml version="1.0"?>
<opencv_storage>
<stage4>
  <maxWeakCount>18</maxWeakCount>
  <stageThreshold>-1.2504242658615112e+00</stageThreshold>
  <weakClassifiers>
    <_>
      <internalNodes>
        0 -1 48122 1.9525114446878433e-02</internalNodes>
      <leafValues>
        -3.1823083758354187e-01 6.7399889230728149e-01</leafValues></_>
    <_>
      <internalNodes>
        0 -1 73913 3.8769289851188660e-02</internalNodes>
      <leafValues>
        -4.6316388249397278e-01 4.6761867403984070e-01</leafValues></_>
    <_>
      <internalNodes>
        0 -1 61440 6.4566585933789611e-04</internalNodes>
      <leafValues>
        -3.7375244498252869e-01 4.3819120526313782e-01</leafValues></_>
    <_>
      <internalNodes>
        0 -1 59895 3.7554122507572174e-02</internalNodes>
      <leafValues>
        -2.0919233560562134e-01 5.8349555730819702e-01</leafValues></_>
    <_>
      <internalNodes>
        0 -1 73080 2.2791952360421419e-03</internalNodes>
      <leafValues>
        -3.2798820734024048e-01 4.3307363986968994e-01</leafValues></_>
    <_>
      <internalNodes>
        0 -1 72639 -4.0622986853122711e-02</internalNodes>
      <leafValues>
        3.3370178937911987e-01 -3.0649089813232422e-01</leafValues></_>
    <_>
      <internalNodes>
        0 -1 20503 -2.7607256546616554e-02</internalNodes>
      <leafValues>
        3.5106998682022095e-01 -2.8360086679458618e-01</leafValues></_>
    <_>
      <internalNodes>
        0 -1 72969 9.4990129582583904e-04</internalNodes>
      <leafValues>
        -2.5933197140693665e-01 3.8317671418190002e-01</leafValues></_>
    <_>
      <internalNodes>
        0 -1 57591 4.0214299224317074e-04</internalNodes>
      <leafValues>
        1.2354624271392822e-01 -6.9012308120727539e-01</leafValues></_>
    <_>
      <internalNodes>
        0 -1 65090 3.2946355640888214e-03</internalNodes>
      <leafValues>
        1.5173605084419250e-01 -4.9724149703979492e-01</leafValues></_>
    <_>
      <internalNodes>
        0 -1 19648 4.7840867191553116e-03</internalNodes>
      <leafValues>
        -2.4576620757579803e-01 3.1597787141799927e-01</leafValues></_>
    <_>
      <internalNodes>
        0 -1 63991 -6.6693215630948544e-03</internalNodes>
      <leafValues>
        -7.5101375579833984e-01 1.0587002336978912e-01</leafValues></_>
    <_>
      <internalNodes>
        0 -1 19464 5.1489777863025665e-02</internalNodes>
      <leafValues>
        -1.3555733859539032e-01 6.5123414993286133e-01</leafValues></_>
    <_>
      <internalNodes>
        0 -1 32473 -2.4444138631224632e-02</internalNodes>
      <leafValues>
        5.1564311981201172e-01 -1.5315805375576019e-01</leafValues></_>
    <_>
      <internalNodes>
        0 -1 73050 4.7951163724064827e-03</internalNodes>
      <leafValues>
        1.0861540585756302e-01 -7.9505711793899536e-01</leafValues></_>
    <_>
      <internalNodes>
        0 -1 63863 1.7518302774988115e-04</internalNodes>
      <leafValues>
        -3.1628665328025818e-01 2.3163832724094391e-01</leafValues></_>
    <_>
      <internalNodes>
        0 -1 43611 -6.9619859568774700e-03</internalNodes>
      <leafValues>
        -6.0700875520706177e-01 1.1355802416801453e-01</leafValues></_>
    <_>
      <internalNodes>
        0 -1 26525 -5.2246232517063618e-03</internalNodes>
      <leafValues>
        -5.5551975965499878e-01 1.4902128279209137e-01</leafValues></_></weakClassifiers></stage4>
</opencv_storage>
