<?xml version="1.0"?>
<opencv_storage>
<stage2>
  <maxWeakCount>11</maxWeakCount>
  <stageThreshold>-1.3581194877624512e+00</stageThreshold>
  <weakClassifiers>
    <_>
      <internalNodes>
        0 -1 42872 7.2843149304389954e-02</internalNodes>
      <leafValues>
        -4.3310657143592834e-01 7.0517051219940186e-01</leafValues></_>
    <_>
      <internalNodes>
        0 -1 64416 2.1306494250893593e-02</internalNodes>
      <leafValues>
        -4.7603142261505127e-01 5.6145083904266357e-01</leafValues></_>
    <_>
      <internalNodes>
        0 -1 69188 3.0811401084065437e-03</internalNodes>
      <leafValues>
        -4.2423141002655029e-01 3.9591744542121887e-01</leafValues></_>
    <_>
      <internalNodes>
        0 -1 57154 1.1056007351726294e-03</internalNodes>
      <leafValues>
        -4.5470729470252991e-01 3.9102476835250854e-01</leafValues></_>
    <_>
      <internalNodes>
        0 -1 57625 -3.9540082216262817e-03</internalNodes>
      <leafValues>
        -8.5644948482513428e-01 1.8445782363414764e-01</leafValues></_>
    <_>
      <internalNodes>
        0 -1 3950 1.2566382065415382e-02</internalNodes>
      <leafValues>
        -3.7607714533805847e-01 3.1995522975921631e-01</leafValues></_>
    <_>
      <internalNodes>
        0 -1 68187 -1.9619651138782501e-02</internalNodes>
      <leafValues>
        2.9464825987815857e-01 -3.7895318865776062e-01</leafValues></_>
    <_>
      <internalNodes>
        0 -1 31591 -1.6750935465097427e-03</internalNodes>
      <leafValues>
        3.8675177097320557e-01 -2.8672268986701965e-01</leafValues></_>
    <_>
      <internalNodes>
        0 -1 72409 2.6548095047473907e-03</internalNodes>
      <leafValues>
        -4.1851815581321716e-01 2.3865737020969391e-01</leafValues></_>
    <_>
      <internalNodes>
        0 -1 57392 4.3884210754185915e-04</internalNodes>
      <leafValues>
        -4.9409618973731995e-01 2.4608686566352844e-01</leafValues></_>
    <_>
      <internalNodes>
        0 -1 60655 7.2405841201543808e-03</internalNodes>
      <leafValues>
        -5.2717196941375732e-01 1.7305739223957062e-01</leafValues></_></weakClassifiers></stage2>
</opencv_storage>
