<?xml version="1.0"?>
<opencv_storage>
<stage8>
  <maxWeakCount>22</maxWeakCount>
  <stageThreshold>-1.0182049274444580e+00</stageThreshold>
  <weakClassifiers>
    <_>
      <internalNodes>
        0 -1 57274 4.9081286415457726e-03</internalNodes>
      <leafValues>
        -2.6412615180015564e-01 5.6781846284866333e-01</leafValues></_>
    <_>
      <internalNodes>
        0 -1 61450 4.3075624853372574e-03</internalNodes>
      <leafValues>
        -1.9770599901676178e-01 5.0639861822128296e-01</leafValues></_>
    <_>
      <internalNodes>
        0 -1 74627 -1.0381890460848808e-02</internalNodes>
      <leafValues>
        2.2743113338947296e-01 -4.9837657809257507e-01</leafValues></_>
    <_>
      <internalNodes>
        0 -1 74435 -2.6478752493858337e-02</internalNodes>
      <leafValues>
        2.3435969650745392e-01 -3.7677147984504700e-01</leafValues></_>
    <_>
      <internalNodes>
        0 -1 19844 -5.0441823899745941e-02</internalNodes>
      <leafValues>
        6.1861443519592285e-01 -1.4504143595695496e-01</leafValues></_>
    <_>
      <internalNodes>
        0 -1 26344 2.6752835139632225e-02</internalNodes>
      <leafValues>
        -2.3379141092300415e-01 5.4965537786483765e-01</leafValues></_>
    <_>
      <internalNodes>
        0 -1 19644 5.4969647899270058e-03</internalNodes>
      <leafValues>
        -2.4730630218982697e-01 3.8812559843063354e-01</leafValues></_>
    <_>
      <internalNodes>
        0 -1 41400 2.8379511088132858e-02</internalNodes>
      <leafValues>
        -3.2213211059570313e-01 2.3126325011253357e-01</leafValues></_>
    <_>
      <internalNodes>
        0 -1 53206 3.9818922232370824e-05</internalNodes>
      <leafValues>
        -3.9553406834602356e-01 1.8099971115589142e-01</leafValues></_>
    <_>
      <internalNodes>
        0 -1 56586 8.7862186133861542e-02</internalNodes>
      <leafValues>
        1.0358004271984100e-01 -7.7387362718582153e-01</leafValues></_>
    <_>
      <internalNodes>
        0 -1 72145 -9.5602922374382615e-04</internalNodes>
      <leafValues>
        -6.2184476852416992e-01 1.0745944827795029e-01</leafValues></_>
    <_>
      <internalNodes>
        0 -1 64745 -7.4897492304444313e-03</internalNodes>
      <leafValues>
        -8.0480617284774780e-01 8.0544024705886841e-02</leafValues></_>
    <_>
      <internalNodes>
        0 -1 67452 -1.6641258844174445e-04</internalNodes>
      <leafValues>
        1.8064062297344208e-01 -3.4539568424224854e-01</leafValues></_>
    <_>
      <internalNodes>
        0 -1 43913 -1.8362548202276230e-02</internalNodes>
      <leafValues>
        -6.2066513299942017e-01 9.0406745672225952e-02</leafValues></_>
    <_>
      <internalNodes>
        0 -1 43611 1.4560852199792862e-02</internalNodes>
      <leafValues>
        8.4427870810031891e-02 -6.6327768564224243e-01</leafValues></_>
    <_>
      <internalNodes>
        0 -1 63549 4.2512409389019012e-02</internalNodes>
      <leafValues>
        -1.5788699686527252e-01 4.5462271571159363e-01</leafValues></_>
    <_>
      <internalNodes>
        0 -1 25403 4.2381081730127335e-03</internalNodes>
      <leafValues>
        -1.9269096851348877e-01 3.6018565297126770e-01</leafValues></_>
    <_>
      <internalNodes>
        0 -1 70634 2.1134775597602129e-03</internalNodes>
      <leafValues>
        -2.1568238735198975e-01 3.1491029262542725e-01</leafValues></_>
    <_>
      <internalNodes>
        0 -1 56610 -2.3109246045351028e-02</internalNodes>
      <leafValues>
        -7.0088583230972290e-01 1.0295478254556656e-01</leafValues></_>
    <_>
      <internalNodes>
        0 -1 32635 8.4707711357623339e-04</internalNodes>
      <leafValues>
        -2.0242658257484436e-01 2.9681980609893799e-01</leafValues></_>
    <_>
      <internalNodes>
        0 -1 43546 7.0682046934962273e-03</internalNodes>
      <leafValues>
        7.7663175761699677e-02 -8.0141252279281616e-01</leafValues></_>
    <_>
      <internalNodes>
        0 -1 33222 1.7569377087056637e-03</internalNodes>
      <leafValues>
        -2.4376593530178070e-01 2.4677889049053192e-01</leafValues></_></weakClassifiers></stage8>
</opencv_storage>
